{"annual_return": 1.5064959120714505, "annual_volatility": 0.378728242025247}