{"annual_return": 0.20332276785981956, "annual_volatility": 0.2627817135490414}