{"annual_return": 1.898351213052132, "annual_volatility": 0.3967320542447553}