{"annual_return": 0.6902682309762231, "annual_volatility": 0.1699127195063064}