{"annual_return": 0.34229698298154876, "annual_volatility": 0.427660842464607}