{"annual_return": 0.7607000964872377, "annual_volatility": 0.23577011861624134}