{"annual_return": 0.1106973781620392, "annual_volatility": 0.2272874456262342}