{"annual_return": 0.4896185465094947, "annual_volatility": 0.24558358664466462}