{"annual_return": 1.8044800932604808, "annual_volatility": 0.5647839939314103}