{"annual_return": 0.5998468033029617, "annual_volatility": 0.16388005883263956}