{"annual_return": 0.44872567527017965, "annual_volatility": 0.37399227473235197}