{"annual_return": 0.4561749231732869, "annual_volatility": 0.2799472493897318}