{"annual_return": 0.7262716725534394, "annual_volatility": 0.2964920926793201}