{"annual_return": 0.40026917855127586, "annual_volatility": 0.1998489814754443}