{"annual_return": 0.04638449946109666, "annual_volatility": 0.23431822075095998}