{"annual_return": -0.06146663224029955, "annual_volatility": 0.3824478142569556}