{"annual_return": 0.3661211755947213, "annual_volatility": 0.288313562786245}