{"annual_return": 0.41667382876686765, "annual_volatility": 0.15555784364956685}