{"annual_return": 1.7421991968840334, "annual_volatility": 0.39578244082774294}