{"annual_return": 1.1350350500726234, "annual_volatility": 0.26431496592669396}