{"annual_return": 1.5208754078483677, "annual_volatility": 0.5732644083331988}