{"annual_return": 1.4659572635681788, "annual_volatility": 0.38174683841172935}