{"annual_return": 0.8396609497957064, "annual_volatility": 0.3743875064605413}