{"annual_return": -0.18065683370465555, "annual_volatility": 0.19355615916774174}