{"annual_return": 0.44995243895287224, "annual_volatility": 0.16313022932984161}