{"annual_return": 0.6210594441482312, "annual_volatility": 0.37267731906687074}