{"annual_return": 0.5147892936901589, "annual_volatility": 0.16324198563441752}