{"annual_return": 0.265336480824254, "annual_volatility": 0.24331195524454413}