{"annual_return": 1.0698006965159135, "annual_volatility": 0.26354708958635586}