{"annual_return": 0.3053610364043941, "annual_volatility": 0.2578979431505058}