{"annual_return": 0.9406781341782027, "annual_volatility": 0.6451302025079091}