{"annual_return": 0.9852832225243875, "annual_volatility": 0.2312718596002531}