{"annual_return": 0.028786152503300536, "annual_volatility": 0.4772953343206688}