{"annual_return": 1.5117497200455634, "annual_volatility": 0.28305475627605553}