{"annual_return": -0.1810505453737687, "annual_volatility": 0.2546086611087047}