{"annual_return": 0.6125913945425976, "annual_volatility": 0.28727681905513414}