{"annual_return": 1.0297065994203298, "annual_volatility": 0.37852749935713786}